,0
Useful Life,30.0
Wind Cost ($/kW),1331.0
Solar Cost ($/kW),9999.0
Electrolyzer Installed Cost ($/kW),715.6800000000001
Total Electricity Production (kWh),3522.7852003598273
Debt Equity,60.0
ATB Year,2025.0
H2 PTC,0.0
Wind ITC,0.0
Discount Rate,0.07
NPV Wind Expenses,-2152917379.5567775
NPV Solar Expenses,0.0
NPV HVDC Expenses,0.0
LCOE ($/MWh),42.097580026571464
LCOH ($/kg),5.307088349729314
Electrolyzer CF (-),1.0
Hydrogen storage duration (hr),0.0
Hydrogen storage capacity (kg),0.0
Hydrogen storage CAPEX ($/kg),540.0
Hydrogen annual production (kg),159204765.6000154
Renewable electricity used annually (MWh),0.0
Grid electricity used annually (MWh),8760000.0
Renewable curtailment annually,0.0
LCOH: Grid Electricity ($/kg),4.49151891
LCOH: Compression & storage ($/kg),0.03776046
LCOH: Electrolyzer CAPEX ($/kg),0.29739538
LCOH: Desalination CAPEX ($/kg),0.0006883
LCOH: Electrolyzer FOM ($/kg),0.08039961
LCOH:Desalination FOM ($/kg),0.01040416
LCOH: Electrolyzer VOM ($/kg),0.21129018
LCOH: Renewable CAPEX ($/kg),0.0
LCOH: Renewable FOM ($/kg),0.0
LCOH: Taxes and Finances ($/kg),0.03521024
LCOH: Water consumption ($/kg),0.02219
LCOH: Bulk H2 Transmission ($/kg),0.12023109972931449
Steel annual production (tonne/year),2172290.616131199
Ammonia annual production (kg/year),726282903.5705061
Steel Price with Integration ($/tonne),914.8309999861856
Steel price: EAF and Casting CAPEX ($/tonne),4.821301060076864
Steel price: Shaft Furnace CAPEX ($/tonne),3.8005658427942013
Steel price: Oxygen Supply CAPEX ($/tonne),0.38172690552420574
Steel price: H2 Pre-heating CAPEX ($/tonne),0.2575237921400911
Steel price: Cooling Tower CAPEX ($/tonne),0.46550186574867747
Steel price: Piping CAPEX ($/tonne),1.3392634350760484
Steel price: Electrical & Instrumentation ($/tonne),0.8928422908063378
"Steel price: Buildings, Storage, Water Service CAPEX ($/tonne)",2.3580680996024506
Steel price: Miscellaneous CAPEX ($/tonne),0.8928426467122522
Steel price: Annual Operating Labor Cost ($/tonne),42.10601948747232
Steel price: Maintenance Labor Cost ($/tonne),3.937774744472764
Steel price: Administrative & Support Labor Cost ($/tonne),11.51094855798627
Steel price: Installation Cost ($/tonne),5.965402722713556
Steel price: Maintenance Materials ($/tonne),7.719999999999997
Steel price: Raw Water Withdrawal ($/tonne),0.4764879062999999
Steel price: Lime ($/tonne),2.089314915012542
Steel price: Carbon ($/tonne),11.722256166785748
Steel price: Iron Ore ($/tonne),360.9224501489907
Steel price: Hydrogen ($/tonne),350.0555475481455
Steel price: Natural gas ($/tonne),2.7167092623580067
Steel price: Electricity ($/tonne),44.91234505917599
Steel price: Slag Disposal ($/tonne),6.560037899999999
Steel price: Taxes ($/tonne),10.683092804045986
Steel price: Financial ($/tonne),51.08497677808268
Steel price: Oxygen sales ($/tonne),0.0
Steel price: Total ($/tonne),927.6729999400233
(-) Steel price: BOS savings ($/tonne),5.755474278993135
Ammonia price: Air Separation by Cryogenic ($/kg),0.0014428588466284962
Ammonia price: Haber Bosch ($/kg),0.0011951839237329313
Ammonia price: Boiler and Steam Turbine ($/kg),0.00045319773184609964
Ammonia price: Cooling Tower ($/kg),0.0003076751714752657
Ammonia price: Depreciable Nonequipment ($/kg),0.0017570161539851472
Ammonia price: Labor Cost ($/kg),0.009381706086586575
Ammonia price: Maintenance Cost ($/kg),0.0007121677896960254
Ammonia price: Administrative Expense ($/kg),0.0018763412173173155
Ammonia price: Hydrogen ($/kg),1.0470057567446018
Ammonia price: Electricity ($/kg),0.043316107338470175
Ammonia price: Cooling water ($/kg),5.580990977316855e-06
Ammonia price: Iron based catalyst ($/kg),0.0021180315277480313
Ammonia price: Oxygen byproduct ($/kg),0.00838664830060196
Ammonia price: Taxes ($/kg),0.003827260720508328
Ammonia price: Financial ($/kg),0.018372969018029553
Ammonia price: Total ($/kg),1.1240476049648511
