,0
Useful Life,30.0
Wind Cost ($/kW),1084.0500000000002
Solar Cost ($/kW),9999.0
Electrolyzer Installed Cost ($/kW),538.9301561125869
Total Electricity Production (kWh),3522.7852003598273
Debt Equity,60.0
ATB Year,2035.0
H2 PTC,0.0
Wind ITC,0.0
Discount Rate,0.07
NPV Wind Expenses,-1875820135.6976702
NPV Solar Expenses,0.0
NPV HVDC Expenses,0.0
LCOE ($/MWh),36.42885223254294
LCOH ($/kg),5.064099493095341
Electrolyzer CF (-),0.22552703
Hydrogen storage duration (hr),42.60615331491713
Hydrogen storage capacity (kg),670001.1946133797
Hydrogen storage CAPEX ($/kg),540.0
Hydrogen annual production (kg),42937052.399999045
Renewable electricity used annually (MWh),1975616.8
Grid electricity used annually (MWh),0.0
Renewable curtailment annually,1547168.4
LCOH: Grid Electricity ($/kg),0.0
LCOH: Compression & storage ($/kg),0.75267384
LCOH: Electrolyzer CAPEX ($/kg),0.83273701
LCOH: Desalination CAPEX ($/kg),0.00316787
LCOH: Electrolyzer FOM ($/kg),0.29811081
LCOH:Desalination FOM ($/kg),0.04612503
LCOH: Electrolyzer VOM ($/kg),0.13067388
LCOH: Renewable CAPEX ($/kg),1.66955447
LCOH: Renewable FOM ($/kg),0.74527702
LCOH: Taxes and Finances ($/kg),0.35067642
LCOH: Water consumption ($/kg),0.02219
LCOH: Bulk H2 Transmission ($/kg),0.21291314309534165
Steel annual production (tonne/year),585860.3268647535
Ammonia annual production (kg/year),195876341.83123508
Steel Price with Integration ($/tonne),1047.755777371847
Steel price: EAF and Casting CAPEX ($/tonne),9.834847235012132
Steel price: Shaft Furnace CAPEX ($/tonne),4.404797155724614
Steel price: Oxygen Supply CAPEX ($/tonne),0.6072542766540161
Steel price: H2 Pre-heating CAPEX ($/tonne),0.30710355057599825
Steel price: Cooling Tower CAPEX ($/tonne),0.7527445035886453
Steel price: Piping CAPEX ($/tonne),2.2626235207646506
Steel price: Electrical & Instrumentation ($/tonne),1.5084156817863839
"Steel price: Buildings, Storage, Water Service CAPEX ($/tonne)",3.064651605868497
Steel price: Miscellaneous CAPEX ($/tonne),1.508416283072936
Steel price: Annual Operating Labor Cost ($/tonne),112.15271329484233
Steel price: Maintenance Labor Cost ($/tonne),6.278546052198094
Steel price: Administrative & Support Labor Cost ($/tonne),29.607814836760102
Steel price: Installation Cost ($/tonne),8.804342675677587
Steel price: Maintenance Materials ($/tonne),7.720000000000004
Steel price: Raw Water Withdrawal ($/tonne),0.4764879063000002
Steel price: Lime ($/tonne),2.089314915012543
Steel price: Carbon ($/tonne),11.722256166785757
Steel price: Iron Ore ($/tonne),360.92245014899095
Steel price: Hydrogen ($/tonne),334.02800256456885
Steel price: Natural gas ($/tonne),2.716709262358008
Steel price: Electricity ($/tonne),52.736036582250016
Steel price: Slag Disposal ($/tonne),6.560037900000004
Steel price: Taxes ($/tonne),17.68820666741238
Steel price: Financial ($/tonne),83.27735416071587
Steel price: Oxygen sales ($/tonne),0.0
Steel price: Total ($/tonne),1061.0311269469203
(-) Steel price: BOS savings ($/tonne),14.803907418380053
Ammonia price: Air Separation by Cryogenic ($/kg),0.0024371001770017832
Ammonia price: Haber Bosch ($/kg),0.0020187580780236846
Ammonia price: Boiler and Steam Turbine ($/kg),0.0007654860176238134
Ammonia price: Cooling Tower ($/kg),0.000519687159013199
Ammonia price: Depreciable Nonequipment ($/kg),0.002740704772336616
Ammonia price: Labor Cost ($/kg),0.025068289444353756
Ammonia price: Maintenance Cost ($/kg),0.000547970980854992
Ammonia price: Administrative Expense ($/kg),0.005013657888870751
Ammonia price: Hydrogen ($/kg),0.9990678452279176
Ammonia price: Electricity ($/kg),0.05086173563621404
Ammonia price: Cooling water ($/kg),5.580990977316861e-06
Ammonia price: Iron based catalyst ($/kg),0.002118031527748033
Ammonia price: Oxygen byproduct ($/kg),0.008386648300601969
Ammonia price: Taxes ($/kg),0.004825874684712201
Ammonia price: Financial ($/kg),0.02623222391813041
Ammonia price: Total ($/kg),1.1152976457189643
