,0
ATB Year,2020.0
LCOE ($/MWh),60.26136254
LCOH ($/kg),1.8121706363246182
Hydrogen storage duration (hr),4.0
Hydrogen annual production (kg),62087400.0
LCOH: Hydrogen Storage ($/kg),0.0008825351958891652
LCOH: Compression ($/kg),0.012853961695682009
LCOH: SMR plant CAPEX ($/kg),0.45029676105183103
LCOH: SMR plant FOM ($/kg),0.17155935693766772
LCOH: SMR plant VOM ($/kg),1.0644853387054
LCOH: Taxes ($/kg),0.03099268273814823
LCOH: Water charges ($/kg),0.0811
LCOH: Financial ($/kg),0.0
Steel annual production (tonne steel/year),847159.793814433
Ammonia annual production (kgNH3/year),283239116.4749096
Steel price: EAF and Casting CAPEX ($/tonne),8.047008505137647
Steel price: Shaft Furnace CAPEX ($/tonne),4.2256374513350075
Steel price: Oxygen Supply CAPEX ($/tonne),0.5328786449614462
Steel price: H2 Pre-heating CAPEX ($/tonne),0.2922565335974289
Steel price: Cooling Tower CAPEX ($/tonne),0.6575136730260719
Steel price: Piping CAPEX ($/tonne),1.952165214209932
Steel price: Electrical & Instrumentation ($/tonne),1.301443477241405
"Steel price: Buildings, Storage, Water Service CAPEX ($/tonne)",2.8467338213816973
Steel price: Miscellaneous CAPEX ($/tonne),1.301443996024437
Steel price: Annual Operating Labor Cost ($/tonne),85.12732067360153
Steel price: Maintenance Labor Cost ($/tonne),5.477568352949314
Steel price: Administrative & Support Labor Cost ($/tonne),22.651222256637713
Steel price: Installation Cost ($/tonne),9.106137075393852
Steel price: Maintenance Materials ($/tonne),7.72
Steel price: Raw Water Withdrawal ($/tonne),0.4764879063000001
Steel price: Lime ($/tonne),3.1531490978224914
Steel price: Carbon ($/tonne),15.572229964837833
Steel price: Iron Ore ($/tonne),554.7201545355236
Steel price: Hydrogen ($/tonne),119.53077517197184
Steel price: Natural gas ($/tonne),0.0036403904115597293
Steel price: Electricity ($/tonne),33.155801669508
Steel price: Slag Disposal ($/tonne),6.560037900000001
Steel price: Taxes ($/tonne),15.900245307070104
Steel price: Financial ($/tonne),73.77834584171391
Steel price: Oxygen sales ($/tonne),0.0
Steel price: Total ($/tonne),974.0901974606569
(-) Steel price: BOS savings ($/tonne),11.325611128318856
Ammonia price: Air Separation by Cryogenic ($/kg),0.002102833478510355
Ammonia price: Haber Bosch ($/kg),0.0017418701584536128
Ammonia price: Boiler and Steam Turbine ($/kg),0.0006604938280260708
Ammonia price: Cooling Tower ($/kg),0.00044840813957402207
Ammonia price: Depreciable Nonequipment ($/kg),0.00240998592495528
Ammonia price: Labor Cost ($/kg),0.019010619335310223
Ammonia price: Maintenance Cost ($/kg),0.0005899182192002399
Ammonia price: Administrative Expense ($/kg),0.003802123867062044
Ammonia price: Hydrogen ($/kg),0.3575130021214323
Ammonia price: Electricity ($/kg),0.031977405368549386
Ammonia price: Cooling water ($/kg),5.580990977316857e-06
Ammonia price: Iron based catalyst ($/kg),0.002118031527748032
Ammonia price: Oxygen byproduct ($/kg),0.008386648300601963
Ammonia price: Taxes ($/kg),0.002895748779290836
Ammonia price: Financial ($/kg),0.019281209962258572
Ammonia price: Total ($/kg),0.4373315287822233
