,0
ATB Year,2025.0
LCOE ($/MWh),64.51746896
LCOH ($/kg),1.1200421288287208
Hydrogen storage duration (hr),4.0
Hydrogen annual production (kg),62087400.0
LCOH: Hydrogen Storage ($/kg),0.00048029003855842487
LCOH: Compression ($/kg),0.006995335469003725
LCOH: SMR plant CAPEX ($/kg),0.24505883701376913
LCOH: SMR plant FOM ($/kg),0.17155935693766772
LCOH: SMR plant VOM ($/kg),1.0730401126096
LCOH: Taxes ($/kg),-0.45819180323987807
LCOH: Water charges ($/kg),0.0811
LCOH: Financial ($/kg),0.0
Steel annual production (tonne steel/year),847159.793814433
Ammonia annual production (kgNH3/year),283239116.4749096
Steel price: EAF and Casting CAPEX ($/tonne),8.047008505137647
Steel price: Shaft Furnace CAPEX ($/tonne),4.2256374513350075
Steel price: Oxygen Supply CAPEX ($/tonne),0.5328786449614462
Steel price: H2 Pre-heating CAPEX ($/tonne),0.2922565335974289
Steel price: Cooling Tower CAPEX ($/tonne),0.6575136730260719
Steel price: Piping CAPEX ($/tonne),1.952165214209932
Steel price: Electrical & Instrumentation ($/tonne),1.301443477241405
"Steel price: Buildings, Storage, Water Service CAPEX ($/tonne)",2.8467338213816973
Steel price: Miscellaneous CAPEX ($/tonne),1.301443996024437
Steel price: Annual Operating Labor Cost ($/tonne),85.12732067360153
Steel price: Maintenance Labor Cost ($/tonne),5.477568352949314
Steel price: Administrative & Support Labor Cost ($/tonne),22.651222256637713
Steel price: Installation Cost ($/tonne),9.106137075393852
Steel price: Maintenance Materials ($/tonne),7.72
Steel price: Raw Water Withdrawal ($/tonne),0.4764879063000001
Steel price: Lime ($/tonne),3.1531490978224914
Steel price: Carbon ($/tonne),15.572229964837833
Steel price: Iron Ore ($/tonne),554.7201545355236
Steel price: Hydrogen ($/tonne),73.87797881754243
Steel price: Natural gas ($/tonne),0.0036403904115597293
Steel price: Electricity ($/tonne),35.497511421792005
Steel price: Slag Disposal ($/tonne),6.560037900000001
Steel price: Taxes ($/tonne),15.7990802442355
Steel price: Financial ($/tonne),73.50482548664255
Steel price: Oxygen sales ($/tonne),0.0
Steel price: Total ($/tonne),930.4044254406053
(-) Steel price: BOS savings ($/tonne),11.325611128318856
Ammonia price: Air Separation by Cryogenic ($/kg),0.002102833478510355
Ammonia price: Haber Bosch ($/kg),0.0017418701584536128
Ammonia price: Boiler and Steam Turbine ($/kg),0.0006604938280260708
Ammonia price: Cooling Tower ($/kg),0.00044840813957402207
Ammonia price: Depreciable Nonequipment ($/kg),0.00240998592495528
Ammonia price: Labor Cost ($/kg),0.019010619335310223
Ammonia price: Maintenance Cost ($/kg),0.0005899182192002399
Ammonia price: Administrative Expense ($/kg),0.003802123867062044
Ammonia price: Hydrogen ($/kg),0.2209668427208232
Ammonia price: Electricity ($/kg),0.03423588799402414
Ammonia price: Cooling water ($/kg),5.580990977316857e-06
Ammonia price: Iron based catalyst ($/kg),0.002118031527748032
Ammonia price: Oxygen byproduct ($/kg),0.008386648300601963
Ammonia price: Taxes ($/kg),0.0025825911405319745
Ammonia price: Financial ($/kg),0.018434524494503134
Ammonia price: Total ($/kg),0.30188400890057476
